MESSSTELLE;PARAMETERBEZEICHNUNG;DIM;T.von;T.bis;JAHR;AVG;MIN;MAX;ANZ
Afritzer See [tief.St.];Chlorophyll a integr. Gesamtp. Sonde - Feldwert;�g/l;0;6;2022;7,775;4,3;12,1;4
Afritzer See [tief.St.];Chlorophyll a integr. Gesamtp. Sonde - Feldwert;�g/l;0;20;2022;8,309871;3,298599;11,406;8
Afritzer See [tief.St.];Elektrische Leitf�higkeit bei 25�C;�S/cm;1;1;2022;172,5;164;177;4
Afritzer See [tief.St.];Ammonium-Stickstoff;mg/l;20;20;2022;0,54775;0,215;0,843;4
Afritzer See [tief.St.];Nitrat-Stickstoff;mg/l;0;6;2022;0,04925;0,03;0,107;4
Afritzer See [tief.St.];Sauerstoffgehalt;mg/l;20;20;2022;0,45;0,1;1,5;4
Afritzer See [tief.St.];Phosphor gesamt;mg/l;20;20;2022;0,05675;0,023;0,096;4
Afritzer See [tief.St.];Phosphor gesamt;mg/l;0;6;2022;0,01175;0,008;0,014;4
Afritzer See [tief.St.];Phosphor gesamt;mg/l;0;22;2022;0,018761;0,013029;0,024858;4
Afritzer See [tief.St.];pH-Wert;;1;1;2022;8,2175;7,8;8,99;4
Afritzer See [tief.St.];Phytoplankton Biovolumen;mm�/l;0;20;2022;0,898431;0,400483;1,185173;4
Afritzer See [tief.St.];Phytoplankton Biovolumen;mm�/l;0;6;2022;0,636275;0,458195;0,878566;4
Afritzer See [tief.St.];Phosphat-Phosphor;mg/l;0;6;2022;0,00325;0,002;0,005;4
Afritzer See [tief.St.];Sichttiefe;m;0;0;2022;3,45;3;4,2;4
Afritzer See [tief.St.];Wassertemperatur;�C;0;0;2022;14,5;6,6;21,4;4
Aichwaldsee [tief.St.];Chlorophyll a integr. Gesamtp. Sonde - Feldwert;�g/l;0;6;2022;11,5;5,8;17,2;2
Aichwaldsee [tief.St.];Elektrische Leitf�higkeit bei 25�C;�S/cm;1;1;2022;373;362;384;2
Aichwaldsee [tief.St.];Ammonium-Stickstoff;mg/l;7;7;2022;0,141;0,119;0,163;2
Aichwaldsee [tief.St.];Nitrat-Stickstoff;mg/l;0;6;2022;0,03;0,03;0,03;2
Aichwaldsee [tief.St.];Sauerstoffgehalt;mg/l;7;7;2022;3,35;0,4;6,3;2
Aichwaldsee [tief.St.];Phosphor gesamt;mg/l;0;6;2022;0,012;0,011;0,013;2
Aichwaldsee [tief.St.];pH-Wert;;1;1;2022;8,065;8;8,13;2
Aichwaldsee [tief.St.];Phosphat-Phosphor;mg/l;0;6;2022;0,001;0,001;0,001;2
Aichwaldsee [tief.St.];Sichttiefe;m;0;0;2022;2,65;2,2;3,1;2
Aichwaldsee [tief.St.];Wassertemperatur;�C;0;0;2022;22,25;18,2;26,3;2
Faaker See [tief.St.];Chlorophyll a integr. Gesamtp. Sonde - Feldwert;�g/l;0;6;2022;1,175;1;1,7;4
Faaker See [tief.St.];Chlorophyll a integr. Gesamtp. Sonde - Feldwert;�g/l;0;29;2022;1,134758;0,999975;1,274079;4
Faaker See [tief.St.];Elektrische Leitf�higkeit bei 25�C;�S/cm;1;1;2022;359,25;337;376;4
Faaker See [tief.St.];Ammonium-Stickstoff;mg/l;29;29;2022;0,03525;0,019;0,079;4
Faaker See [tief.St.];Nitrat-Stickstoff;mg/l;0;6;2022;0,206988;0,159238;0,254262;4
Faaker See [tief.St.];Sauerstoffgehalt;mg/l;29;29;2022;4,325;0,1;8,7;4
Faaker See [tief.St.];Phosphor gesamt;mg/l;0;6;2022;0,00275;0,0025;0,0035;4
Faaker See [tief.St.];Phosphor gesamt;mg/l;0;29;2022;0,002968;0,0025;0,00397;4
Faaker See [tief.St.];Phosphor gesamt;mg/l;29;29;2022;0,007125;0,0025;0,01;4
Faaker See [tief.St.];pH-Wert;;1;1;2022;8,225;8,1;8,4;4
Faaker See [tief.St.];Phytoplankton Biovolumen;mm�/l;0;29;2022;0,252909;0,084327;0,511331;4
Faaker See [tief.St.];Phytoplankton Biovolumen;mm�/l;0;6;2022;0,346312;0,102184;0,823355;4
Faaker See [tief.St.];Phosphat-Phosphor;mg/l;0;6;2022;0,001441;0,001;0,002;4
Faaker See [tief.St.];Sichttiefe;m;0;0;2022;4,4;3,5;6,2;4
Faaker See [tief.St.];Wassertemperatur;�C;0;0;2022;13,025;4,5;21,4;4
Feldsee [tief.St.];Chlorophyll a integr. Gesamtp. Sonde - Feldwert;�g/l;0;26;2022;5,743488;3,649485;7,18407;8
Feldsee [tief.St.];Chlorophyll a integr. Gesamtp. Sonde - Feldwert;�g/l;0;6;2022;5,175;2;9,7;4
Feldsee [tief.St.];Elektrische Leitf�higkeit bei 25�C;�S/cm;1;1;2022;120,25;119;121;4
Feldsee [tief.St.];Ammonium-Stickstoff;mg/l;26;26;2022;0,595;0,253;0,911;4
Feldsee [tief.St.];Nitrat-Stickstoff;mg/l;0;6;2022;0,08375;0,03;0,205;4
Feldsee [tief.St.];Sauerstoffgehalt;mg/l;26;26;2022;0,1;0,1;0,1;4
Feldsee [tief.St.];Phosphor gesamt;mg/l;0;26;2022;0,013453;0,012875;0,014063;4
Feldsee [tief.St.];Phosphor gesamt;mg/l;0;6;2022;0,01325;0,008;0,021;4
Feldsee [tief.St.];Phosphor gesamt;mg/l;26;26;2022;0,06875;0,032;0,134;4
Feldsee [tief.St.];pH-Wert;;1;1;2022;7,7775;7,54;8,27;4
Feldsee [tief.St.];Phytoplankton Biovolumen;mm�/l;0;26;2022;0,74337;0,456602;1,210533;4
Feldsee [tief.St.];Phytoplankton Biovolumen;mm�/l;0;6;2022;0,507227;0,176728;0,875379;4
Feldsee [tief.St.];Phosphat-Phosphor;mg/l;0;6;2022;0,002;0,001;0,003;4
Feldsee [tief.St.];Sichttiefe;m;0;0;2022;5,15;3,2;7,3;4
Feldsee [tief.St.];Wassertemperatur;�C;0;0;2022;14,575;6,5;21;4
Ferlacher Badesee [tief.St.];Chlorophyll a integr. Gesamtp. Sonde - Feldwert;�g/l;0;5;2022;9,95;6,6;13,3;2
Ferlacher Badesee [tief.St.];Elektrische Leitf�higkeit bei 25�C;�S/cm;1;1;2022;360;345;375;2
Ferlacher Badesee [tief.St.];Ammonium-Stickstoff;mg/l;5;5;2022;0,057;0,01;0,104;2
Ferlacher Badesee [tief.St.];Nitrat-Stickstoff;mg/l;0;5;2022;0,3535;0,296;0,411;2
Ferlacher Badesee [tief.St.];Sauerstoffgehalt;mg/l;5;5;2022;5,4;5,3;5,5;2
Ferlacher Badesee [tief.St.];Phosphor gesamt;mg/l;0;5;2022;0,0095;0,008;0,011;2
Ferlacher Badesee [tief.St.];pH-Wert;;1;1;2022;8,105;8,1;8,11;2
Ferlacher Badesee [tief.St.];Phosphat-Phosphor;mg/l;0;5;2022;0,0015;0,001;0,002;2
Ferlacher Badesee [tief.St.];Sichttiefe;m;0;0;2022;3,35;3,1;3,6;2
Ferlacher Badesee [tief.St.];Wassertemperatur;�C;0;0;2022;22,3;21,6;23;2
Flatschacher See [tief.St.];Chlorophyll a integr. Gesamtp. Sonde - Feldwert;�g/l;1;1;2022;23,65;12,5;34,8;2
Flatschacher See [tief.St.];Elektrische Leitf�higkeit bei 25�C;�S/cm;1;1;2022;224;215;233;2
Flatschacher See [tief.St.];Ammonium-Stickstoff;mg/l;1;1;2022;0,054;0,01;0,098;2
Flatschacher See [tief.St.];Nitrat-Stickstoff;mg/l;1;1;2022;0,165;0,03;0,3;2
Flatschacher See [tief.St.];Sauerstoffgehalt;mg/l;1;1;2022;8;5,7;10,3;2
Flatschacher See [tief.St.];Phosphor gesamt;mg/l;1;1;2022;0,0515;0,045;0,058;2
Flatschacher See [tief.St.];pH-Wert;;1;1;2022;7,945;7,59;8,3;2
Flatschacher See [tief.St.];Phytoplankton Biovolumen;mm�/l;1;1;2022;3,412662;2,017328;4,807995;2
Flatschacher See [tief.St.];Phosphat-Phosphor;mg/l;1;1;2022;0,0025;0,002;0,003;2
Flatschacher See [tief.St.];Sichttiefe;m;0;0;2022;1,7;1,4;2;2
Flatschacher See [tief.St.];Wassertemperatur;�C;0;0;2022;20,55;20,1;21;2
Forstsee [tief.St.];Chlorophyll a integr. Gesamtp. Sonde - Feldwert;�g/l;0;6;2022;5,7;5,7;5,7;1
Forstsee [tief.St.];Chlorophyll a integr. Gesamtp. Sonde - Feldwert;�g/l;0;30;2022;5,7;5,7;5,7;1
Forstsee [tief.St.];Elektrische Leitf�higkeit bei 25�C;�S/cm;1;1;2022;280;280;280;1
Forstsee [tief.St.];Ammonium-Stickstoff;mg/l;30;30;2022;0,009;0,009;0,009;1
Forstsee [tief.St.];Nitrat-Stickstoff;mg/l;0;6;2022;0,482;0,482;0,482;1
Forstsee [tief.St.];Sauerstoffgehalt;mg/l;30;30;2022;0,1;0,1;0,1;1
Forstsee [tief.St.];Phosphor gesamt;mg/l;0;6;2022;0,009;0,009;0,009;1
Forstsee [tief.St.];Phosphor gesamt;mg/l;30;30;2022;0,007;0,007;0,007;1
Forstsee [tief.St.];pH-Wert;;1;1;2022;8,74;8,74;8,74;1
Forstsee [tief.St.];Phosphat-Phosphor;mg/l;0;6;2022;0,003;0,003;0,003;1
Forstsee [tief.St.];Sichttiefe;m;0;0;2022;4,9;4,9;4,9;1
Forstsee [tief.St.];Wassertemperatur;�C;0;0;2022;25,7;25,7;25,7;1
Goggausee [tief.St.];Chlorophyll a integr. Gesamtp. Sonde - Feldwert;�g/l;0;5;2022;17,683333;5,533333;45,566667;4
Goggausee [tief.St.];Elektrische Leitf�higkeit bei 25�C;�S/cm;1;1;2022;165,75;153;172;4
Goggausee [tief.St.];Ammonium-Stickstoff;mg/l;8;8;2022;0,526;0,136;0,929;4
Goggausee [tief.St.];Nitrat-Stickstoff;mg/l;0;5;2022;0,03;0,03;0,03;4
Goggausee [tief.St.];Sauerstoffgehalt;mg/l;8;8;2022;1,075;0,1;4;4
Goggausee [tief.St.];Phosphor gesamt;mg/l;0;8;2022;0,040673;0,02412;0,057913;4
Goggausee [tief.St.];Phosphor gesamt;mg/l;0;5;2022;0,034;0,02475;0,05;4
Goggausee [tief.St.];Phosphor gesamt;mg/l;8;8;2022;0,06225;0,023;0,085;4
Goggausee [tief.St.];Phosphor gesamt;mg/l;0;3;2022;0,0265;0,023;0,029;4
Goggausee [tief.St.];pH-Wert;;1;1;2022;8,125;7,4;8,7;4
Goggausee [tief.St.];Phytoplankton Biovolumen;mm�/l;0;5;2022;1,404418;0,269304;3,561636;4
Goggausee [tief.St.];Phosphat-Phosphor;mg/l;0;5;2022;0,002625;0,001;0,005;4
Goggausee [tief.St.];Sichttiefe;m;0;0;2022;2,425;1,5;3,5;4
Goggausee [tief.St.];Wassertemperatur;�C;0;0;2022;15,475;7,9;23,2;4
G�sselsdorfer See [tief.St.];Elektrische Leitf�higkeit bei 25�C;�S/cm;1;1;2022;302,5;270;335;2
G�sselsdorfer See [tief.St.];Ammonium-Stickstoff;mg/l;1;1;2022;0,01;0,007;0,013;2
G�sselsdorfer See [tief.St.];Nitrat-Stickstoff;mg/l;1;1;2022;0,03;0,03;0,03;2
G�sselsdorfer See [tief.St.];Sauerstoffgehalt;mg/l;1;1;2022;7,85;7,1;8,6;2
G�sselsdorfer See [tief.St.];Phosphor gesamt;mg/l;1;1;2022;0,0165;0,012;0,021;2
G�sselsdorfer See [tief.St.];pH-Wert;;1;1;2022;8,015;8;8,03;2
G�sselsdorfer See [tief.St.];Phosphat-Phosphor;mg/l;1;1;2022;0,001;0,001;0,001;2
G�sselsdorfer See [tief.St.];Sichttiefe;m;0;0;2022;1,8;1,5;2,1;2
G�sselsdorfer See [tief.St.];Wassertemperatur;�C;0;0;2022;21,85;21,4;22,3;2
Greifenburger Badesee [tief.St.];Chlorophyll a integr. Gesamtp. Sonde - Feldwert;�g/l;0;6;2022;6,5;1,6;11,4;2
Greifenburger Badesee [tief.St.];Elektrische Leitf�higkeit bei 25�C;�S/cm;1;1;2022;320;302;338;2
Greifenburger Badesee [tief.St.];Ammonium-Stickstoff;mg/l;12;12;2022;0,591;0,151;1,031;2
Greifenburger Badesee [tief.St.];Nitrat-Stickstoff;mg/l;0;6;2022;0,5755;0,412;0,739;2
Greifenburger Badesee [tief.St.];Sauerstoffgehalt;mg/l;12;12;2022;1,85;0,1;3,6;2
Greifenburger Badesee [tief.St.];Phosphor gesamt;mg/l;12;12;2022;0,044;0,02;0,068;2
Greifenburger Badesee [tief.St.];Phosphor gesamt;mg/l;0;6;2022;0,007;0,007;0,007;2
Greifenburger Badesee [tief.St.];pH-Wert;;1;1;2022;8,285;8,17;8,4;2
Greifenburger Badesee [tief.St.];Phytoplankton Biovolumen;mm�/l;0;12;2022;0,404001;0,404001;0,404001;1
Greifenburger Badesee [tief.St.];Phytoplankton Biovolumen;mm�/l;0;6;2022;0,343048;0,343048;0,343048;1
Greifenburger Badesee [tief.St.];Phosphat-Phosphor;mg/l;0;6;2022;0,0025;0,002;0,003;2
Greifenburger Badesee [tief.St.];Sichttiefe;m;0;0;2022;6,25;6,2;6,3;2
Greifenburger Badesee [tief.St.];Wassertemperatur;�C;0;0;2022;22,8;22,4;23,2;2
Hafnersee [tief.St.];Chlorophyll a integr. Gesamtp. Sonde - Feldwert;�g/l;0;10;2022;13,096254;9,491361;16,701146;2
Hafnersee [tief.St.];Chlorophyll a integr. Gesamtp. Sonde - Feldwert;�g/l;0;6;2022;14,35;10,4;18,3;2
Hafnersee [tief.St.];Elektrische Leitf�higkeit bei 25�C;�S/cm;1;1;2022;399;388;410;2
Hafnersee [tief.St.];Ammonium-Stickstoff;mg/l;10;10;2022;2,552;1,439;3,665;2
Hafnersee [tief.St.];Nitrat-Stickstoff;mg/l;0;6;2022;0,03;0,03;0,03;2
Hafnersee [tief.St.];Sauerstoffgehalt;mg/l;10;10;2022;0,1;0,1;0,1;2
Hafnersee [tief.St.];Phosphor gesamt;mg/l;0;6;2022;0,0185;0,014;0,023;2
Hafnersee [tief.St.];Phosphor gesamt;mg/l;10;10;2022;0,059;0,039;0,079;2
Hafnersee [tief.St.];Phosphor gesamt;mg/l;0;10;2022;0,0203;0,016889;0,023711;2
Hafnersee [tief.St.];pH-Wert;;1;1;2022;8,12;7,9;8,34;2
Hafnersee [tief.St.];Phytoplankton Biovolumen;mm�/l;0;6;2022;0,904008;0,851663;0,956352;2
Hafnersee [tief.St.];Phytoplankton Biovolumen;mm�/l;0;10;2022;0,825025;0,777254;0,872796;2
Hafnersee [tief.St.];Phosphat-Phosphor;mg/l;0;6;2022;0,0015;0,001;0,002;2
Hafnersee [tief.St.];Sichttiefe;m;0;0;2022;2,8;2,4;3,2;2
Hafnersee [tief.St.];Wassertemperatur;�C;0;0;2022;22,1;17,8;26,4;2
H�rzendorfer See [tief.St.];Chlorophyll a integr. Gesamtp. Sonde - Feldwert;�g/l;0;3;2022;33,75;15,3;54,1;4
H�rzendorfer See [tief.St.];Elektrische Leitf�higkeit bei 25�C;�S/cm;1;1;2022;471,5;351;527;4
H�rzendorfer See [tief.St.];Ammonium-Stickstoff;mg/l;3;3;2022;0,209;0,013;0,664;4
H�rzendorfer See [tief.St.];Nitrat-Stickstoff;mg/l;0;3;2022;1,849469;0,03;3,387375;4
H�rzendorfer See [tief.St.];Sauerstoffgehalt;mg/l;3;3;2022;9,4;0,9;16,6;4
H�rzendorfer See [tief.St.];Phosphor gesamt;mg/l;0;3;2022;0,039906;0,0145;0,077625;4
H�rzendorfer See [tief.St.];pH-Wert;;1;1;2022;8,185;7,93;8,33;4
H�rzendorfer See [tief.St.];Phytoplankton Biovolumen;mm�/l;0;3;2022;3,580954;1,476543;5,146776;4
H�rzendorfer See [tief.St.];Phosphat-Phosphor;mg/l;0;3;2022;0,002969;0,002;0,004875;4
H�rzendorfer See [tief.St.];Sichttiefe;m;0;0;2022;1,5;0,6;2,1;4
H�rzendorfer See [tief.St.];Wassertemperatur;�C;0;0;2022;13,725;4,7;21,9;4
Keutschacher See [tief.St.];Chlorophyll a integr. Gesamtp. Sonde - Feldwert;�g/l;0;6;2022;4,525;1;11,8;4
Keutschacher See [tief.St.];Chlorophyll a integr. Gesamtp. Sonde - Feldwert;�g/l;0;15;2022;7,20472;1;13,969231;4
Keutschacher See [tief.St.];Elektrische Leitf�higkeit bei 25�C;�S/cm;1;1;2022;303,5;281;323;4
Keutschacher See [tief.St.];Ammonium-Stickstoff;mg/l;15;15;2022;0,4355;0,15;1,062;4
Keutschacher See [tief.St.];Nitrat-Stickstoff;mg/l;0;6;2022;0,078125;0,03;0,128548;4
Keutschacher See [tief.St.];Sauerstoffgehalt;mg/l;15;15;2022;4,35;0,1;10,7;4
Keutschacher See [tief.St.];Phosphor gesamt;mg/l;0;15;2022;0,011935;0,007215;0,021053;4
Keutschacher See [tief.St.];Phosphor gesamt;mg/l;15;15;2022;0,0225;0,007;0,044;4
Keutschacher See [tief.St.];Phosphor gesamt;mg/l;0;6;2022;0,008938;0,00625;0,012833;4
Keutschacher See [tief.St.];pH-Wert;;1;1;2022;8,1625;7,8;8,45;4
Keutschacher See [tief.St.];Phytoplankton Biovolumen;mm�/l;0;15;2022;0,880924;0,42613;1,769551;4
Keutschacher See [tief.St.];Phytoplankton Biovolumen;mm�/l;0;6;2022;0,683576;0,606358;0,736264;4
Keutschacher See [tief.St.];Phosphat-Phosphor;mg/l;0;6;2022;0,001762;0,001;0,003;4
Keutschacher See [tief.St.];Sichttiefe;m;0;0;2022;3,15;1,9;4,2;4
Keutschacher See [tief.St.];Wassertemperatur;�C;0;0;2022;14,275;4,6;24;4
Klopeiner See [tief.St.];Chlorophyll a integr. Gesamtp. Sonde - Feldwert;�g/l;0;6;2022;2,625;1,8;4;4
Klopeiner See [tief.St.];Elektrische Leitf�higkeit bei 25�C;�S/cm;1;1;2022;250;236;268;4
Klopeiner See [tief.St.];Ammonium-Stickstoff;mg/l;30;30;2022;1,42175;1,295;1,65;4
Klopeiner See [tief.St.];Nitrat-Stickstoff;mg/l;0;6;2022;0,03;0,03;0,03;4
Klopeiner See [tief.St.];Sauerstoffgehalt;mg/l;30;30;2022;0,1;0,1;0,1;4
Klopeiner See [tief.St.];Phosphor gesamt;mg/l;0;20;2022;0,008782;0,005764;0,011212;4
Klopeiner See [tief.St.];Phosphor gesamt;mg/l;0;30;2022;0,011043;0,007293;0,015866;4
Klopeiner See [tief.St.];Phosphor gesamt;mg/l;30;30;2022;0,02475;0,014;0,046;4
Klopeiner See [tief.St.];Phosphor gesamt;mg/l;0;6;2022;0,007741;0,005012;0,00969;4
Klopeiner See [tief.St.];pH-Wert;;1;1;2022;8,1375;7,81;8,6;4
Klopeiner See [tief.St.];Phytoplankton Biovolumen;mm�/l;0;6;2022;0,504247;0,207569;0,790908;4
Klopeiner See [tief.St.];Phytoplankton Biovolumen;mm�/l;0;20;2022;0,469424;0,167638;0,819942;4
Klopeiner See [tief.St.];Phosphat-Phosphor;mg/l;0;6;2022;0,001173;0,001;0,001643;4
Klopeiner See [tief.St.];Sichttiefe;m;0;0;2022;6,6;5,2;8;4
Klopeiner See [tief.St.];Wassertemperatur;�C;0;0;2022;14,725;4,6;22,2;4
Kraiger See [tief.St.];Chlorophyll a integr. Gesamtp. Sonde - Feldwert;�g/l;0;6;2022;4,7;3,2;6,2;2
Kraiger See [tief.St.];Chlorophyll a integr. Gesamtp. Sonde - Feldwert;�g/l;0;8;2022;4,846829;3,736242;5,957415;4
Kraiger See [tief.St.];Elektrische Leitf�higkeit bei 25�C;�S/cm;1;1;2022;469;460;478;2
Kraiger See [tief.St.];Ammonium-Stickstoff;mg/l;8;8;2022;0,0915;0,007;0,176;2
Kraiger See [tief.St.];Nitrat-Stickstoff;mg/l;0;6;2022;0,03;0,03;0,03;2
Kraiger See [tief.St.];Sauerstoffgehalt;mg/l;8;8;2022;5,65;0,1;11,2;2
Kraiger See [tief.St.];Phosphor gesamt;mg/l;0;6;2022;0,0105;0,008;0,013;2
Kraiger See [tief.St.];Phosphor gesamt;mg/l;8;8;2022;0,0175;0,016;0,019;2
Kraiger See [tief.St.];pH-Wert;;1;1;2022;8,325;8,25;8,4;2
Kraiger See [tief.St.];Phosphat-Phosphor;mg/l;0;6;2022;0,002;0,002;0,002;2
Kraiger See [tief.St.];Sichttiefe;m;0;0;2022;4,1;4;4,2;2
Kraiger See [tief.St.];Wassertemperatur;�C;0;0;2022;22,05;20,3;23,8;2
L�ngsee [tief.St.];Chlorophyll a integr. Gesamtp. Sonde - Feldwert;�g/l;0;6;2022;4,325;3,9;5,5;4
L�ngsee [tief.St.];Chlorophyll a integr. Gesamtp. Sonde - Feldwert;�g/l;0;15;2022;5,155308;3,229898;6,991861;4
L�ngsee [tief.St.];Elektrische Leitf�higkeit bei 25�C;�S/cm;1;1;2022;401,5;383;426;4
L�ngsee [tief.St.];Ammonium-Stickstoff;mg/l;15;15;2022;2,013;1,833;2,343;4
L�ngsee [tief.St.];Nitrat-Stickstoff;mg/l;0;6;2022;0,03;0,03;0,03;4
L�ngsee [tief.St.];Sauerstoffgehalt;mg/l;15;15;2022;0,1;0,1;0,1;4
L�ngsee [tief.St.];Phosphor gesamt;mg/l;0;13;2022;0,016458;0,010551;0,02667;4
L�ngsee [tief.St.];Phosphor gesamt;mg/l;15;15;2022;0,03825;0,035;0,042;4
L�ngsee [tief.St.];Phosphor gesamt;mg/l;0;6;2022;0,007125;0,0025;0,011;4
L�ngsee [tief.St.];pH-Wert;;1;1;2022;8,4525;8,3;8,7;4
L�ngsee [tief.St.];Phytoplankton Biovolumen;mm�/l;0;15;2022;0,365879;0,263195;0,515973;4
L�ngsee [tief.St.];Phytoplankton Biovolumen;mm�/l;0;6;2022;0,32335;0,178427;0,462837;4
L�ngsee [tief.St.];Phosphat-Phosphor;mg/l;0;6;2022;0,00175;0,001;0,003;4
L�ngsee [tief.St.];Sichttiefe;m;0;0;2022;5,125;4,2;6,5;4
L�ngsee [tief.St.];Wassertemperatur;�C;0;0;2022;16,275;6,5;24,7;4
Lavam�nder Badeteich S�dufer Steg;Chlorophyll a integr. Gesamtp. Sonde - Feldwert;�g/l;0;2;2022;3,5;3,4;3,6;2
Lavam�nder Badeteich S�dufer Steg;Elektrische Leitf�higkeit bei 25�C;�S/cm;1;1;2022;291;281;301;2
Lavam�nder Badeteich S�dufer Steg;Ammonium-Stickstoff;mg/l;2;2;2022;0,0065;0,006;0,007;2
Lavam�nder Badeteich S�dufer Steg;Nitrat-Stickstoff;mg/l;0;2;2022;0,03;0,03;0,03;2
Lavam�nder Badeteich S�dufer Steg;Sauerstoffgehalt;mg/l;2;2;2022;8,55;7,5;9,6;2
Lavam�nder Badeteich S�dufer Steg;Phosphor gesamt;mg/l;2;2;2022;0,014;0,012;0,016;2
Lavam�nder Badeteich S�dufer Steg;Phosphor gesamt;mg/l;0;2;2022;0,014;0,012;0,016;2
Lavam�nder Badeteich S�dufer Steg;pH-Wert;;1;1;2022;8,135;8,07;8,2;2
Lavam�nder Badeteich S�dufer Steg;Phosphat-Phosphor;mg/l;0;2;2022;0,001;0,001;0,001;2
Lavam�nder Badeteich S�dufer Steg;Sichttiefe;m;0;0;2022;3,25;2,8;3,7;2
Lavam�nder Badeteich S�dufer Steg;Wassertemperatur;�C;0;0;2022;20,5;18,1;22,9;2
Leonharder See [tief.St.];Chlorophyll a integr. Gesamtp. Sonde - Feldwert;�g/l;0;6;2022;20,15;13,3;27;2
Leonharder See [tief.St.];Elektrische Leitf�higkeit bei 25�C;�S/cm;1;1;2022;339,5;336;343;2
Leonharder See [tief.St.];Ammonium-Stickstoff;mg/l;6;6;2022;0,0385;0,019;0,058;2
Leonharder See [tief.St.];Nitrat-Stickstoff;mg/l;0;6;2022;0,101822;0,03;0,173643;2
Leonharder See [tief.St.];Sauerstoffgehalt;mg/l;6;6;2022;9,3;4,3;14,3;2
Leonharder See [tief.St.];Phosphor gesamt;mg/l;0;6;2022;0,01966;0,015132;0,024187;2
Leonharder See [tief.St.];Phosphor gesamt;mg/l;6;6;2022;0,024;0,016;0,032;2
Leonharder See [tief.St.];Phosphor gesamt;mg/l;0;6;2022;0,020786;0,015357;0,026214;2
Leonharder See [tief.St.];pH-Wert;;1;1;2022;8,175;8,14;8,21;2
Leonharder See [tief.St.];Phytoplankton Biovolumen;mm�/l;0;6;2022;0,531434;0,346673;0,716195;2
Leonharder See [tief.St.];Phosphat-Phosphor;mg/l;0;6;2022;0,001179;0,001;0,001357;2
Leonharder See [tief.St.];Sichttiefe;m;0;0;2022;2,65;2,1;3,2;2
Leonharder See [tief.St.];Wassertemperatur;�C;0;0;2022;22,1;20,6;23,6;2
Linsendorfer See [tief.St.];Chlorophyll a integr. Gesamtp. Sonde - Feldwert;�g/l;0;5;2022;2,15;1;3,3;2
Linsendorfer See [tief.St.];Elektrische Leitf�higkeit bei 25�C;�S/cm;1;1;2022;365,5;356;375;2
Linsendorfer See [tief.St.];Ammonium-Stickstoff;mg/l;5;5;2022;0,0295;0,027;0,032;2
Linsendorfer See [tief.St.];Nitrat-Stickstoff;mg/l;0;5;2022;0,475;0,395;0,555;2
Linsendorfer See [tief.St.];Sauerstoffgehalt;mg/l;5;5;2022;8,6;7,5;9,7;2
Linsendorfer See [tief.St.];Phosphor gesamt;mg/l;0;5;2022;0,009;0,008;0,01;2
Linsendorfer See [tief.St.];pH-Wert;;1;1;2022;7,85;7,8;7,9;2
Linsendorfer See [tief.St.];Phytoplankton Biovolumen;mm�/l;0;5;2022;0,223985;0,121766;0,326204;2
Linsendorfer See [tief.St.];Phosphat-Phosphor;mg/l;0;5;2022;0,0015;0,001;0,002;2
Linsendorfer See [tief.St.];Sichttiefe;m;0;0;2022;4;4;4;2
Linsendorfer See [tief.St.];Wassertemperatur;�C;0;0;2022;19,8;19,4;20,2;2
Magdalenensee [tief.St.];Chlorophyll a integr. Gesamtp. Sonde - Feldwert;�g/l;0;4;2022;3,85;2,8;4,9;2
Magdalenensee [tief.St.];Elektrische Leitf�higkeit bei 25�C;�S/cm;1;1;2022;551,5;551;552;2
Magdalenensee [tief.St.];Ammonium-Stickstoff;mg/l;4;4;2022;0,0725;0,061;0,084;2
Magdalenensee [tief.St.];Nitrat-Stickstoff;mg/l;0;4;2022;1,1369;0,7212;1,5526;2
Magdalenensee [tief.St.];Sauerstoffgehalt;mg/l;4;4;2022;13,65;11,9;15,4;2
Magdalenensee [tief.St.];Phosphor gesamt;mg/l;0;4;2022;0,0095;0,0078;0,0112;2
Magdalenensee [tief.St.];pH-Wert;;1;1;2022;7,95;7,9;8;2
Magdalenensee [tief.St.];Phytoplankton Biovolumen;mm�/l;0;4;2022;0,594456;0,503311;0,685601;2
Magdalenensee [tief.St.];Phosphat-Phosphor;mg/l;0;4;2022;0,0011;0,001;0,0012;2
Magdalenensee [tief.St.];Sichttiefe;m;0;0;2022;3,85;3,6;4,1;2
Magdalenensee [tief.St.];Wassertemperatur;�C;0;0;2022;21,9;20,6;23,2;2
Maltschacher See [tief.St.];Chlorophyll a integr. Gesamtp. Sonde - Feldwert;�g/l;0;5;2022;20,7;18;23,4;2
Maltschacher See [tief.St.];Elektrische Leitf�higkeit bei 25�C;�S/cm;1;1;2022;242,5;234;251;2
Maltschacher See [tief.St.];Ammonium-Stickstoff;mg/l;5;5;2022;0,5525;0,392;0,713;2
Maltschacher See [tief.St.];Nitrat-Stickstoff;mg/l;0;5;2022;0,03;0,03;0,03;2
Maltschacher See [tief.St.];Sauerstoffgehalt;mg/l;5;5;2022;5,5;0,1;10,9;2
Maltschacher See [tief.St.];Phosphor gesamt;mg/l;5;5;2022;0,093;0,046;0,14;2
Maltschacher See [tief.St.];Phosphor gesamt;mg/l;0;5;2022;0,046917;0,026917;0,066917;2
Maltschacher See [tief.St.];pH-Wert;;1;1;2022;8,515;8,23;8,8;2
Maltschacher See [tief.St.];Phytoplankton Biovolumen;mm�/l;0;5;2022;2,403889;1,445399;3,362379;2
Maltschacher See [tief.St.];Phosphat-Phosphor;mg/l;0;5;2022;0,001667;0,001333;0,002;2
Maltschacher See [tief.St.];Sichttiefe;m;0;0;2022;3;1,8;4,2;2
Maltschacher See [tief.St.];Wassertemperatur;�C;0;0;2022;22,25;20,7;23,8;2
Millst�tter See [tief.St.];Chlorophyll a integr. Gesamtp. Sonde - Feldwert;�g/l;0;6;2022;1,925;1;3,2;4
Millst�tter See [tief.St.];Chlorophyll a integr. Gesamtp. Sonde - Feldwert;�g/l;0;30;2022;1,560393;1,04324;1,937503;4
Millst�tter See [tief.St.];Elektrische Leitf�higkeit bei 25�C;�S/cm;1;1;2022;168,75;166;174;4
Millst�tter See [tief.St.];Ammonium-Stickstoff;mg/l;50;50;2022;0,00725;0,005;0,01;4
Millst�tter See [tief.St.];Nitrat-Stickstoff;mg/l;0;6;2022;0,198929;0,069119;0,365048;4
Millst�tter See [tief.St.];Sauerstoffgehalt;mg/l;50;50;2022;7;6;8,4;4
Millst�tter See [tief.St.];Sauerstoffgehalt;mg/l;100;100;2022;3,125;2,3;4,6;4
Millst�tter See [tief.St.];Phosphor gesamt;mg/l;50;50;2022;0,0025;0,0025;0,0025;4
Millst�tter See [tief.St.];Phosphor gesamt;mg/l;0;6;2022;0,004443;0,0025;0,007321;4
Millst�tter See [tief.St.];Phosphor gesamt;mg/l;0;70;2022;0,003915;0,0025;0,005754;4
Millst�tter See [tief.St.];Phosphor gesamt;mg/l;100;100;2022;0,004375;0,0025;0,01;4
Millst�tter See [tief.St.];pH-Wert;;1;1;2022;8,4275;7,5;9,1;4
Millst�tter See [tief.St.];Phytoplankton Biovolumen;mm�/l;0;30;2022;0,336374;0,243383;0,532648;4
Millst�tter See [tief.St.];Phytoplankton Biovolumen;mm�/l;0;6;2022;0,343902;0,235738;0,420379;4
Millst�tter See [tief.St.];Phosphat-Phosphor;mg/l;0;6;2022;0,001488;0,001;0,002;4
Millst�tter See [tief.St.];Sichttiefe;m;0;0;2022;7,9;4,5;11,5;4
Millst�tter See [tief.St.];Wassertemperatur;�C;0;0;2022;13,1;4,7;19,4;4
Moosburger M�hlteich [tief.St.];Chlorophyll a integr. Gesamtp. Sonde - Feldwert;�g/l;1;1;2022;18,5;5,4;31,6;2
Moosburger M�hlteich [tief.St.];Elektrische Leitf�higkeit bei 25�C;�S/cm;1;1;2022;281;280;282;2
Moosburger M�hlteich [tief.St.];Ammonium-Stickstoff;mg/l;1;1;2022;0,0285;0,005;0,052;2
Moosburger M�hlteich [tief.St.];Nitrat-Stickstoff;mg/l;1;1;2022;0,03;0,03;0,03;2
Moosburger M�hlteich [tief.St.];Sauerstoffgehalt;mg/l;1;1;2022;8,9;8,3;9,5;2
Moosburger M�hlteich [tief.St.];Phosphor gesamt;mg/l;1;1;2022;0,035;0,035;0,035;2
Moosburger M�hlteich [tief.St.];pH-Wert;;1;1;2022;8,23;7,96;8,5;2
Moosburger M�hlteich [tief.St.];Phosphat-Phosphor;mg/l;1;1;2022;0,0015;0,001;0,002;2
Moosburger M�hlteich [tief.St.];Sichttiefe;m;0;0;2022;2,05;1,7;2,4;2
Moosburger M�hlteich [tief.St.];Wassertemperatur;�C;0;0;2022;22;21,1;22,9;2
Ossiacher See [tief.St.];Chlorophyll a integr. Gesamtp. Sonde - Feldwert;�g/l;0;6;2022;5,275;1,9;9,4;4
Ossiacher See [tief.St.];Chlorophyll a integr. Gesamtp. Sonde - Feldwert;�g/l;0;30;2022;6,79787;1,491542;10,734071;4
Ossiacher See [tief.St.];Elektrische Leitf�higkeit bei 25�C;�S/cm;1;1;2022;239,75;231;249;4
Ossiacher See [tief.St.];Ammonium-Stickstoff;mg/l;45;45;2022;0,0665;0,0085;0,1125;4
Ossiacher See [tief.St.];Nitrat-Stickstoff;mg/l;0;6;2022;0,178875;0,03;0,376643;4
Ossiacher See [tief.St.];Sauerstoffgehalt;mg/l;45;45;2022;5,2625;0,3;11,85;4
Ossiacher See [tief.St.];Phosphor gesamt;mg/l;0;6;2022;0,011244;0,009095;0,016905;4
Ossiacher See [tief.St.];Phosphor gesamt;mg/l;0;52;2022;0,011418;0,009787;0,013289;4
Ossiacher See [tief.St.];Phosphor gesamt;mg/l;45;45;2022;0,017625;0,0105;0,0285;4
Ossiacher See [tief.St.];Phosphor gesamt;mg/l;0;45;2022;0,011382;0,009784;0,013295;4
Ossiacher See [tief.St.];pH-Wert;;1;1;2022;8,3525;8,01;8,7;4
Ossiacher See [tief.St.];Phytoplankton Biovolumen;mm�/l;0;6;2022;1,169436;0,776661;1,643209;4
Ossiacher See [tief.St.];Phytoplankton Biovolumen;mm�/l;0;30;2022;1,281506;0,649581;1,765749;4
Ossiacher See [tief.St.];Phosphat-Phosphor;mg/l;0;6;2022;0,002036;0,001;0,003;4
Ossiacher See [tief.St.];Sichttiefe;m;0;0;2022;5,2;4,1;6,4;4
Ossiacher See [tief.St.];Wassertemperatur;�C;0;0;2022;12,6;4,8;18,9;4
Pirkdorfer See [tief.St.];Chlorophyll a integr. Gesamtp. Sonde - Feldwert;�g/l;0;2;2022;10,25;4,1;16,4;2
Pirkdorfer See [tief.St.];Elektrische Leitf�higkeit bei 25�C;�S/cm;1;1;2022;277,5;244;311;2
Pirkdorfer See [tief.St.];Ammonium-Stickstoff;mg/l;2;2;2022;0,0735;0,032;0,115;2
Pirkdorfer See [tief.St.];Nitrat-Stickstoff;mg/l;0;2;2022;0,03;0,03;0,03;2
Pirkdorfer See [tief.St.];Sauerstoffgehalt;mg/l;2;2;2022;7,05;5,9;8,2;2
Pirkdorfer See [tief.St.];Phosphor gesamt;mg/l;0;2;2022;0,0445;0,039;0,05;2
Pirkdorfer See [tief.St.];pH-Wert;;1;1;2022;8,1;8;8,2;2
Pirkdorfer See [tief.St.];Phosphat-Phosphor;mg/l;0;2;2022;0,0015;0,001;0,002;2
Pirkdorfer See [tief.St.];Sichttiefe;m;0;0;2022;0,75;0,5;1;2
Pirkdorfer See [tief.St.];Wassertemperatur;�C;0;0;2022;20,7;19,7;21,7;2
Pischeldorfer Badeteich [tief.St.];Chlorophyll a integr. Gesamtp. Sonde - Feldwert;�g/l;1;1;2022;12,6;12;13,2;2
Pischeldorfer Badeteich [tief.St.];Elektrische Leitf�higkeit bei 25�C;�S/cm;1;1;2022;605,5;592;619;2
Pischeldorfer Badeteich [tief.St.];Ammonium-Stickstoff;mg/l;1;1;2022;0,034;0,034;0,034;2
Pischeldorfer Badeteich [tief.St.];Nitrat-Stickstoff;mg/l;1;1;2022;2,891;2,769;3,013;2
Pischeldorfer Badeteich [tief.St.];Sauerstoffgehalt;mg/l;1;1;2022;10;9,5;10,5;2
Pischeldorfer Badeteich [tief.St.];Phosphor gesamt;mg/l;1;1;2022;0,01;0,008;0,012;2
Pischeldorfer Badeteich [tief.St.];pH-Wert;;1;1;2022;7,805;7,71;7,9;2
Pischeldorfer Badeteich [tief.St.];Phosphat-Phosphor;mg/l;1;1;2022;0,0025;0,002;0,003;2
Pischeldorfer Badeteich [tief.St.];Sichttiefe;m;0;0;2022;2;2;2;2
Pischeldorfer Badeteich [tief.St.];Wassertemperatur;�C;0;0;2022;20,9;20,6;21,2;2
Pressegger See [tief.St.];Chlorophyll a integr. Gesamtp. Sonde - Feldwert;�g/l;0;6;2022;5;1;13,9;4
Pressegger See [tief.St.];Elektrische Leitf�higkeit bei 25�C;�S/cm;1;1;2022;397,25;387;409;4
Pressegger See [tief.St.];Ammonium-Stickstoff;mg/l;12;12;2022;0,08175;0,046;0,119;4
Pressegger See [tief.St.];Nitrat-Stickstoff;mg/l;0;6;2022;0,33325;0,219;0,498;4
Pressegger See [tief.St.];Sauerstoffgehalt;mg/l;12;12;2022;6,625;1,7;12,3;4
Pressegger See [tief.St.];Phosphor gesamt;mg/l;0;6;2022;0,006125;0,0025;0,009;4
Pressegger See [tief.St.];Phosphor gesamt;mg/l;0;12;2022;0,006129;0,0025;0,009003;4
Pressegger See [tief.St.];Phosphor gesamt;mg/l;12;12;2022;0,013125;0,0025;0,031;4
Pressegger See [tief.St.];pH-Wert;;1;1;2022;8,03;7,8;8,25;4
Pressegger See [tief.St.];Phytoplankton Biovolumen;mm�/l;0;6;2022;0,696351;0,347425;1,651761;4
Pressegger See [tief.St.];Phytoplankton Biovolumen;mm�/l;0;12;2022;0,695658;0,347852;1,648458;4
Pressegger See [tief.St.];Phosphat-Phosphor;mg/l;0;6;2022;0,00225;0,001;0,003;4
Pressegger See [tief.St.];Sichttiefe;m;0;0;2022;4,625;4,1;5,2;4
Pressegger See [tief.St.];Wassertemperatur;�C;0;0;2022;13,425;2,6;22,2;4
Rauschelesee [tief.St.];Chlorophyll a integr. Gesamtp. Sonde - Feldwert;�g/l;0;6;2022;7,15;2,4;11,9;2
Rauschelesee [tief.St.];Chlorophyll a integr. Gesamtp. Sonde - Feldwert;�g/l;0;12;2022;7,133534;3,724204;10,542864;2
Rauschelesee [tief.St.];Elektrische Leitf�higkeit bei 25�C;�S/cm;1;1;2022;314,5;296;333;2
Rauschelesee [tief.St.];Ammonium-Stickstoff;mg/l;12;12;2022;2,2105;0,813;3,608;2
Rauschelesee [tief.St.];Nitrat-Stickstoff;mg/l;0;6;2022;0,216;0,067;0,365;2
Rauschelesee [tief.St.];Sauerstoffgehalt;mg/l;12;12;2022;0,1;0,1;0,1;2
Rauschelesee [tief.St.];Phosphor gesamt;mg/l;0;12;2022;0,010219;0,010018;0,010419;2
Rauschelesee [tief.St.];Phosphor gesamt;mg/l;0;6;2022;0,007;0,007;0,007;2
Rauschelesee [tief.St.];Phosphor gesamt;mg/l;12;12;2022;0,0445;0,043;0,046;2
Rauschelesee [tief.St.];pH-Wert;;1;1;2022;8,16;8;8,32;2
Rauschelesee [tief.St.];Phytoplankton Biovolumen;mm�/l;0;12;2022;1,158619;0,412871;1,904366;2
Rauschelesee [tief.St.];Phytoplankton Biovolumen;mm�/l;0;6;2022;1,210995;0,272483;2,149506;2
Rauschelesee [tief.St.];Phosphat-Phosphor;mg/l;0;6;2022;0,001;0,001;0,001;2
Rauschelesee [tief.St.];Sichttiefe;m;0;0;2022;3,4;1,9;4,9;2
Rauschelesee [tief.St.];Wassertemperatur;�C;0;0;2022;23,25;22,3;24,2;2
Silbersee Villach [tief.St.];Chlorophyll a integr. Gesamtp. Sonde - Feldwert;�g/l;0;5;2022;2,5;1;4;2
Silbersee Villach [tief.St.];Elektrische Leitf�higkeit bei 25�C;�S/cm;1;1;2022;272,5;265;280;2
Silbersee Villach [tief.St.];Ammonium-Stickstoff;mg/l;5;5;2022;0,0735;0,038;0,109;2
Silbersee Villach [tief.St.];Nitrat-Stickstoff;mg/l;0;5;2022;0,03;0,03;0,03;2
Silbersee Villach [tief.St.];Sauerstoffgehalt;mg/l;5;5;2022;9;7,3;10,7;2
Silbersee Villach [tief.St.];Phosphor gesamt;mg/l;0;5;2022;0,009875;0,00625;0,0135;2
Silbersee Villach [tief.St.];pH-Wert;;1;1;2022;8,345;8,29;8,4;2
Silbersee Villach [tief.St.];Phytoplankton Biovolumen;mm�/l;0;5;2022;0,320677;0,073396;0,567957;2
Silbersee Villach [tief.St.];Phosphat-Phosphor;mg/l;0;5;2022;0,001;0,001;0,001;2
Silbersee Villach [tief.St.];Sichttiefe;m;0;0;2022;4,25;3,2;5,3;2
Silbersee Villach [tief.St.];Wassertemperatur;�C;0;0;2022;23,25;21,7;24,8;2
Sonnegger See [tief.St.];Chlorophyll a integr. Gesamtp. Sonde - Feldwert;�g/l;1;1;2022;11,25;10,1;12,4;2
Sonnegger See [tief.St.];Elektrische Leitf�higkeit bei 25�C;�S/cm;1;1;2022;336;280;392;2
Sonnegger See [tief.St.];Ammonium-Stickstoff;mg/l;1;1;2022;0,0335;0,023;0,044;2
Sonnegger See [tief.St.];Nitrat-Stickstoff;mg/l;1;1;2022;0,522;0,18;0,864;2
Sonnegger See [tief.St.];Sauerstoffgehalt;mg/l;1;1;2022;10,35;9,6;11,1;2
Sonnegger See [tief.St.];Phosphor gesamt;mg/l;1;1;2022;0,011;0,009;0,013;2
Sonnegger See [tief.St.];pH-Wert;;1;1;2022;8,245;7,99;8,5;2
Sonnegger See [tief.St.];Phosphat-Phosphor;mg/l;1;1;2022;0,0015;0,001;0,002;2
Sonnegger See [tief.St.];Sichttiefe;m;0;0;2022;1,9;1,8;2;2
Sonnegger See [tief.St.];Wassertemperatur;�C;0;0;2022;20,75;19,5;22;2
St. Andr�er Badesee [tief.St.];Chlorophyll a integr. Gesamtp. Sonde - Feldwert;�g/l;0;2;2022;17,05;7,8;26,3;2
St. Andr�er Badesee [tief.St.];Elektrische Leitf�higkeit bei 25�C;�S/cm;1;1;2022;448,5;446;451;2
St. Andr�er Badesee [tief.St.];Ammonium-Stickstoff;mg/l;2;2;2022;0,012;0,008;0,016;2
St. Andr�er Badesee [tief.St.];Nitrat-Stickstoff;mg/l;0;2;2022;2,8525;1,297;4,408;2
St. Andr�er Badesee [tief.St.];Sauerstoffgehalt;mg/l;2;2;2022;12,65;11,5;13,8;2
St. Andr�er Badesee [tief.St.];Phosphor gesamt;mg/l;0;2;2022;0,024;0,017;0,031;2
St. Andr�er Badesee [tief.St.];pH-Wert;;1;1;2022;8,125;8,05;8,2;2
St. Andr�er Badesee [tief.St.];Phytoplankton Biovolumen;mm�/l;0;2;2022;2,327678;2,05912;2,596236;2
St. Andr�er Badesee [tief.St.];Phosphat-Phosphor;mg/l;0;2;2022;0,0025;0,002;0,003;2
St. Andr�er Badesee [tief.St.];Sichttiefe;m;0;0;2022;1,65;1,4;1,9;2
St. Andr�er Badesee [tief.St.];Wassertemperatur;�C;0;0;2022;21,55;19,1;24;2
St. Johanner Badesee [tief.St.];Chlorophyll a integr. Gesamtp. Sonde - Feldwert;�g/l;0;6;2022;1,25;1,2;1,3;2
St. Johanner Badesee [tief.St.];Chlorophyll a integr. Gesamtp. Sonde - Feldwert;�g/l;0;9;2022;1,25;1,2;1,3;2
St. Johanner Badesee [tief.St.];Elektrische Leitf�higkeit bei 25�C;�S/cm;1;1;2022;435;415;455;2
St. Johanner Badesee [tief.St.];Ammonium-Stickstoff;mg/l;9;9;2022;0,0505;0,032;0,069;2
St. Johanner Badesee [tief.St.];Nitrat-Stickstoff;mg/l;0;6;2022;1,2485;1,056;1,441;2
St. Johanner Badesee [tief.St.];Sauerstoffgehalt;mg/l;9;9;2022;9;8,1;9,9;2
St. Johanner Badesee [tief.St.];Phosphor gesamt;mg/l;9;9;2022;0,011;0,009;0,013;2
St. Johanner Badesee [tief.St.];Phosphor gesamt;mg/l;0;6;2022;0,006;0,006;0,006;2
St. Johanner Badesee [tief.St.];pH-Wert;;1;1;2022;8,02;8;8,04;2
St. Johanner Badesee [tief.St.];Phosphat-Phosphor;mg/l;0;6;2022;0,001;0,001;0,001;2
St. Johanner Badesee [tief.St.];Sichttiefe;m;0;0;2022;5,45;4,2;6,7;2
St. Johanner Badesee [tief.St.];Wassertemperatur;�C;0;0;2022;22,25;20,5;24;2
St. Urban See [tief.St.];Chlorophyll a integr. Gesamtp. Sonde - Feldwert;�g/l;1;1;2022;21,55;7,2;35,9;2
St. Urban See [tief.St.];Elektrische Leitf�higkeit bei 25�C;�S/cm;1;1;2022;270;246;294;2
St. Urban See [tief.St.];Ammonium-Stickstoff;mg/l;1;1;2022;0,0125;0,007;0,018;2
St. Urban See [tief.St.];Nitrat-Stickstoff;mg/l;1;1;2022;0,03;0,03;0,03;2
St. Urban See [tief.St.];Sauerstoffgehalt;mg/l;1;1;2022;8,85;6,9;10,8;2
St. Urban See [tief.St.];Phosphor gesamt;mg/l;1;1;2022;0,0295;0,021;0,038;2
St. Urban See [tief.St.];pH-Wert;;1;1;2022;8,3;7,9;8,7;2
St. Urban See [tief.St.];Phytoplankton Biovolumen;mm�/l;1;1;2022;5,153547;1,27155;9,035543;2
St. Urban See [tief.St.];Phosphat-Phosphor;mg/l;1;1;2022;0,001;0,001;0,001;2
St. Urban See [tief.St.];Sichttiefe;m;0;0;2022;1,45;0,8;2,1;2
St. Urban See [tief.St.];Wassertemperatur;�C;0;0;2022;21,3;20,7;21,9;2
Trattnigteich [tief.St.];Chlorophyll a integr. Gesamtp. Sonde - Feldwert;�g/l;0;3;2022;50,7;24,4;77;2
Trattnigteich [tief.St.];Elektrische Leitf�higkeit bei 25�C;�S/cm;1;1;2022;122;120;124;2
Trattnigteich [tief.St.];Ammonium-Stickstoff;mg/l;3;3;2022;0,015;0,008;0,022;2
Trattnigteich [tief.St.];Nitrat-Stickstoff;mg/l;0;3;2022;0,03;0,03;0,03;2
Trattnigteich [tief.St.];Sauerstoffgehalt;mg/l;3;3;2022;7,35;6,8;7,9;2
Trattnigteich [tief.St.];Phosphor gesamt;mg/l;0;3;2022;0,034875;0,025625;0,044125;2
Trattnigteich [tief.St.];Phosphor gesamt;mg/l;3;3;2022;0,043;0,04;0,046;2
Trattnigteich [tief.St.];pH-Wert;;1;1;2022;8,59;8,58;8,6;2
Trattnigteich [tief.St.];Phosphat-Phosphor;mg/l;0;3;2022;0,001813;0,001;0,002625;2
Trattnigteich [tief.St.];Sichttiefe;m;0;0;2022;1,15;0,6;1,7;2
Trattnigteich [tief.St.];Wassertemperatur;�C;0;0;2022;21,7;16,4;27;2
Turnersee [tief.St.];Chlorophyll a integr. Gesamtp. Sonde - Feldwert;�g/l;0;12;2022;7,428415;6,257384;8,599445;4
Turnersee [tief.St.];Chlorophyll a integr. Gesamtp. Sonde - Feldwert;�g/l;0;6;2022;5,45;4,7;6,2;2
Turnersee [tief.St.];Elektrische Leitf�higkeit bei 25�C;�S/cm;1;1;2022;316;289;343;2
Turnersee [tief.St.];Ammonium-Stickstoff;mg/l;12;12;2022;1,843;1,087;2,599;2
Turnersee [tief.St.];Nitrat-Stickstoff;mg/l;0;6;2022;0,3185;0,168;0,469;2
Turnersee [tief.St.];Sauerstoffgehalt;mg/l;12;12;2022;0,2;0,1;0,3;2
Turnersee [tief.St.];Phosphor gesamt;mg/l;0;6;2022;0,0085;0,007;0,01;2
Turnersee [tief.St.];Phosphor gesamt;mg/l;0;12;2022;0,013362;0,009429;0,017295;2
Turnersee [tief.St.];Phosphor gesamt;mg/l;12;12;2022;0,0375;0,032;0,043;2
Turnersee [tief.St.];pH-Wert;;1;1;2022;8,25;7,9;8,6;2
Turnersee [tief.St.];Phytoplankton Biovolumen;mm�/l;0;6;2022;1,108413;0,724844;1,491982;2
Turnersee [tief.St.];Phytoplankton Biovolumen;mm�/l;0;12;2022;1,104888;0,934274;1,275502;2
Turnersee [tief.St.];Phosphat-Phosphor;mg/l;0;6;2022;0,001;0,001;0,001;2
Turnersee [tief.St.];Sichttiefe;m;0;0;2022;3;2;4;2
Turnersee [tief.St.];Wassertemperatur;�C;0;0;2022;22,85;22;23,7;2
Turracher See [tief.St.];Chlorophyll a integr. Gesamtp. Sonde - Feldwert;�g/l;0;6;2022;4,95;1,2;8,7;2
Turracher See [tief.St.];Elektrische Leitf�higkeit bei 25�C;�S/cm;1;1;2022;142;139;145;2
Turracher See [tief.St.];Ammonium-Stickstoff;mg/l;30;30;2022;0,156;0,129;0,183;2
Turracher See [tief.St.];Nitrat-Stickstoff;mg/l;0;6;2022;0,0925;0,064;0,121;2
Turracher See [tief.St.];Sauerstoffgehalt;mg/l;30;30;2022;0,1;0,1;0,1;2
Turracher See [tief.St.];Phosphor gesamt;mg/l;0;6;2022;0,008;0,006;0,01;2
Turracher See [tief.St.];Phosphor gesamt;mg/l;30;30;2022;0,019;0,014;0,024;2
Turracher See [tief.St.];Phosphor gesamt;mg/l;0;30;2022;0,007415;0,006661;0,008168;2
Turracher See [tief.St.];pH-Wert;;1;1;2022;8,41;8,17;8,65;2
Turracher See [tief.St.];Phosphat-Phosphor;mg/l;0;6;2022;0,003;0,002;0,004;2
Turracher See [tief.St.];Sichttiefe;m;0;0;2022;5,7;4,9;6,5;2
Turracher See [tief.St.];Wassertemperatur;�C;0;0;2022;15,95;14,3;17,6;2
Vassacher See [tief.St.];Chlorophyll a integr. Gesamtp. Sonde - Feldwert;�g/l;0;5;2022;6,25;5;7,5;2
Vassacher See [tief.St.];Chlorophyll a integr. Gesamtp. Sonde - Feldwert;�g/l;0;10;2022;5,921716;4,951365;6,892067;2
Vassacher See [tief.St.];Elektrische Leitf�higkeit bei 25�C;�S/cm;1;1;2022;252,5;247;258;2
Vassacher See [tief.St.];Ammonium-Stickstoff;mg/l;10;10;2022;0,8635;0,442;1,285;2
Vassacher See [tief.St.];Nitrat-Stickstoff;mg/l;0;5;2022;0,03;0,03;0,03;2
Vassacher See [tief.St.];Sauerstoffgehalt;mg/l;10;10;2022;0,1;0,1;0,1;2
Vassacher See [tief.St.];Phosphor gesamt;mg/l;10;10;2022;0,0325;0,021;0,044;2
Vassacher See [tief.St.];Phosphor gesamt;mg/l;0;5;2022;0,018;0,01;0,026;2
Vassacher See [tief.St.];Phosphor gesamt;mg/l;0;10;2022;0,01842;0,011161;0,025678;2
Vassacher See [tief.St.];pH-Wert;;1;1;2022;8,35;8,1;8,6;2
Vassacher See [tief.St.];Phytoplankton Biovolumen;mm�/l;0;5;2022;0,447424;0,21622;0,678628;2
Vassacher See [tief.St.];Phytoplankton Biovolumen;mm�/l;0;10;2022;0,417819;0,21201;0,623628;2
Vassacher See [tief.St.];Phosphat-Phosphor;mg/l;0;5;2022;0,001;0,001;0,001;2
Vassacher See [tief.St.];Sichttiefe;m;0;0;2022;3,45;2,9;4;2
Vassacher See [tief.St.];Wassertemperatur;�C;0;0;2022;22,45;21;23,9;2
Wei�ensee (tief.St.);Chlorophyll a integr. Gesamtp. Sonde - Feldwert;�g/l;0;6;2022;1;1;1;4
Wei�ensee (tief.St.);Chlorophyll a integr. Gesamtp. Sonde - Feldwert;�g/l;0;30;2022;1,559583;1,023445;2,615992;4
Wei�ensee (tief.St.);Elektrische Leitf�higkeit bei 25�C;�S/cm;1;1;2022;299,5;287;312;4
Wei�ensee (tief.St.);Ammonium-Stickstoff;mg/l;80;80;2022;0,19875;0,177;0,223;4
Wei�ensee (tief.St.);Ammonium-Stickstoff;mg/l;50;50;2022;0,02425;0,014;0,038;4
Wei�ensee (tief.St.);Nitrat-Stickstoff;mg/l;0;6;2022;0,05703;0,03;0,094095;4
Wei�ensee (tief.St.);Sauerstoffgehalt;mg/l;50;50;2022;0,1;0,1;0,1;4
Wei�ensee (tief.St.);Phosphor gesamt;mg/l;50;50;2022;0,006125;0,0025;0,008;4
Wei�ensee (tief.St.);Phosphor gesamt;mg/l;0;6;2022;0,003396;0,0025;0,004833;4
Wei�ensee (tief.St.);Phosphor gesamt;mg/l;94;94;2022;0,02025;0,014;0,026;4
Wei�ensee (tief.St.);Phosphor gesamt;mg/l;0;80;2022;0,004437;0,003377;0,006033;4
Wei�ensee (tief.St.);pH-Wert;;1;1;2022;8,19;7,77;8,5;4
Wei�ensee (tief.St.);Phytoplankton Biovolumen;mm�/l;0;30;2022;0,299811;0,229103;0,384358;4
Wei�ensee (tief.St.);Phytoplankton Biovolumen;mm�/l;0;6;2022;0,253531;0,158662;0,303076;4
Wei�ensee (tief.St.);Phosphat-Phosphor;mg/l;0;6;2022;0,002268;0,001714;0,003;4
Wei�ensee (tief.St.);Sichttiefe;m;0;0;2022;9,7;5,4;12,5;4
Wei�ensee (tief.St.);Wassertemperatur;�C;0;0;2022;14,325;8,6;21,8;4
Wernberger Badesee [tief.St.];Chlorophyll a integr. Gesamtp. Sonde - Feldwert;�g/l;0;10;2022;6,65;6,3;7;2
Wernberger Badesee [tief.St.];Chlorophyll a integr. Gesamtp. Sonde - Feldwert;�g/l;0;6;2022;6,65;6,3;7;2
Wernberger Badesee [tief.St.];Elektrische Leitf�higkeit bei 25�C;�S/cm;1;1;2022;391;376;406;2
Wernberger Badesee [tief.St.];Ammonium-Stickstoff;mg/l;10;10;2022;1,6865;1,418;1,955;2
Wernberger Badesee [tief.St.];Nitrat-Stickstoff;mg/l;0;6;2022;0,165;0,11;0,22;2
Wernberger Badesee [tief.St.];Sauerstoffgehalt;mg/l;10;10;2022;0,1;0,1;0,1;2
Wernberger Badesee [tief.St.];Phosphor gesamt;mg/l;10;10;2022;0,023;0,019;0,027;2
Wernberger Badesee [tief.St.];Phosphor gesamt;mg/l;0;6;2022;0,0095;0,009;0,01;2
Wernberger Badesee [tief.St.];pH-Wert;;1;1;2022;8,1;8,1;8,1;2
Wernberger Badesee [tief.St.];Phosphat-Phosphor;mg/l;0;6;2022;0,0035;0,003;0,004;2
Wernberger Badesee [tief.St.];Sichttiefe;m;0;0;2022;3,95;3,7;4,2;2
Wernberger Badesee [tief.St.];Wassertemperatur;�C;0;0;2022;21,25;21;21,5;2
W�rthersee Saag [tief.St.];Chlorophyll a integr. Gesamtp. Sonde - Feldwert;�g/l;0;30;2022;4,852652;3,324641;6,902574;4
W�rthersee Saag [tief.St.];Chlorophyll a integr. Gesamtp. Sonde - Feldwert;�g/l;0;6;2022;3,625;1;7,4;4
W�rthersee Saag [tief.St.];Elektrische Leitf�higkeit bei 25�C;�S/cm;1;1;2022;309;292;321;4
W�rthersee Saag [tief.St.];Ammonium-Stickstoff;mg/l;50;50;2022;0,128;0,007;0,268;4
W�rthersee Saag [tief.St.];Ammonium-Stickstoff;mg/l;70;70;2022;0,56425;0,519;0,625;4
W�rthersee Saag [tief.St.];Nitrat-Stickstoff;mg/l;0;6;2022;0,067911;0,03;0,14169;4
W�rthersee Saag [tief.St.];Sauerstoffgehalt;mg/l;70;70;2022;0,1;0,1;0,1;4
W�rthersee Saag [tief.St.];Sauerstoffgehalt;mg/l;50;50;2022;0,275;0,1;0,8;4
W�rthersee Saag [tief.St.];Phosphor gesamt;mg/l;0;6;2022;0,007435;0,004357;0,009929;4
W�rthersee Saag [tief.St.];Phosphor gesamt;mg/l;0;50;2022;0,010374;0,006381;0,013083;4
W�rthersee Saag [tief.St.];Phosphor gesamt;mg/l;50;50;2022;0,025;0,01;0,048;4
W�rthersee Saag [tief.St.];Phosphor gesamt;mg/l;70;70;2022;0,08175;0,072;0,094;4
W�rthersee Saag [tief.St.];pH-Wert;;1;1;2022;8,16;7,8;8,5;4
W�rthersee Saag [tief.St.];Phytoplankton Biovolumen;mm�/l;0;30;2022;0,939313;0,440802;1,556118;4
W�rthersee Saag [tief.St.];Phytoplankton Biovolumen;mm�/l;0;6;2022;0,723646;0,2491;1,32845;4
W�rthersee Saag [tief.St.];Phosphat-Phosphor;mg/l;0;6;2022;0,001173;0,001;0,00169;4
W�rthersee Saag [tief.St.];Sichttiefe;m;0;0;2022;5,1125;3,9;6,6;4
W�rthersee Saag [tief.St.];Wassertemperatur;�C;0;0;2022;12,4;5,1;19,6;4
Zmulner See [tief.St.];Chlorophyll a integr. Gesamtp. Sonde - Feldwert;�g/l;0;5;2022;15,55;11,5;19,6;2
Zmulner See [tief.St.];Elektrische Leitf�higkeit bei 25�C;�S/cm;1;1;2022;461,5;441;482;2
Zmulner See [tief.St.];Ammonium-Stickstoff;mg/l;5;5;2022;0,8765;0,231;1,522;2
Zmulner See [tief.St.];Nitrat-Stickstoff;mg/l;0;5;2022;0,230875;0,03;0,43175;2
Zmulner See [tief.St.];Sauerstoffgehalt;mg/l;5;5;2022;7,5;0,1;14,9;2
Zmulner See [tief.St.];Phosphor gesamt;mg/l;0;6;2022;0,021734;0,017542;0,025926;2
Zmulner See [tief.St.];Phosphor gesamt;mg/l;0;5;2022;0,02475;0,01725;0,03225;2
Zmulner See [tief.St.];Phosphor gesamt;mg/l;0;3;2022;0,017;0,016;0,018;2
Zmulner See [tief.St.];Phosphor gesamt;mg/l;5;5;2022;0,048;0,015;0,081;2
Zmulner See [tief.St.];pH-Wert;;1;1;2022;8,13;7,86;8,4;2
Zmulner See [tief.St.];Phosphat-Phosphor;mg/l;0;5;2022;0,00225;0,00225;0,00225;2
Zmulner See [tief.St.];Sichttiefe;m;0;0;2022;3;3;3;2
Zmulner See [tief.St.];Wassertemperatur;�C;0;0;2022;22,4;21;23,8;2
